,s0,s1,s2,s_g0,s_g1,s_g2,a,r,r_disco
0,-0.10309999709826734,0.12391611354822307,0.26740496709012385,-0.10309999709826734,0.12391611354822307,0.26740496709012385,3.0,-0.8719612711168416,-0.8719612711168416
1,1.0,14.0,13.600000000000009,-0.10309999709826734,0.12391611354822307,0.26740496709012385,3.0,0.008541098802326452,0.026604870230528446
2,2.0,14.0,13.120000000000008,-0.10309999709826734,0.12391611354822307,0.26740496709012385,3.0,0.009354519179375465,0.03651998518238342
3,3.0,14.0,12.62400000000001,-0.10309999709826734,0.12391611354822307,0.26740496709012385,3.0,0.00996360983279071,0.0477126800504827
4,4.0,14.0,12.124800000000008,-0.10309999709826734,0.12391611354822307,0.26740496709012385,3.0,0.01053900807673655,0.06023474774742123
5,5.0,14.0,11.624960000000005,-0.10309999709826734,0.12391611354822307,0.26740496709012385,3.0,0.011109021382465084,0.0737966589962999
6,6.0,14.0,11.124991999999999,-0.10309999709826734,0.12391611354822307,0.26740496709012385,3.0,0.011669093736578151,0.7172683495123213
7,7.0,14.0,10.624998400000006,-0.10309999709826734,0.12391611354822307,0.26740496709012385,3.0,0.012204274282599986,0.6803183447121967
8,8.0,14.0,10.124999679999998,-0.10309999709826734,0.12391611354822307,0.26740496709012385,3.0,0.012693466107737222,0.6262923207156493
9,9.0,14.0,9.624999935999995,-0.10309999709826734,0.12391611354822307,0.26740496709012385,3.0,0.01311004767945781,0.5548089478137477
10,10.0,14.0,9.124999987199992,-0.10309999709826734,0.12391611354822307,0.26740496709012385,3.0,0.013422142268295911,0.46824208201363
11,11.0,14.0,8.62499999743999,-0.10309999709826734,0.12391611354822307,0.26740496709012385,3.0,0.7100716956364828,0.3715653058653
12,12.0,14.0,8.124999999487997,5.0,14.0,11.624960000000005,3.0,-0.019476555961418618,-0.019476555961418618
13,13.0,14.0,7.6249999998976,5.0,14.0,11.624960000000005,3.0,-0.023901511867711833,-0.21939381468102767
14,14.0,14.0,7.124999999979519,5.0,14.0,11.624960000000005,3.0,-0.028660879790293303,-0.26479642440755485
15,15.0,14.0,6.624999999995907,5.0,14.0,11.624960000000005,3.0,-0.03362330846828476,-0.277394158336479
16,16.0,14.0,6.124999999999186,5.0,14.0,11.624960000000005,3.0,-0.03861225482727382,-0.6281522150769078
17,17.0,14.0,5.624999999999844,5.0,14.0,11.624960000000005,3.0,-0.043416686469362364,-0.600800034821501
18,18.0,14.0,5.124999999999979,5.0,14.0,11.624960000000005,3.0,-0.04781077944201617,-0.5833396001945791
19,19.0,14.0,4.625000000000007,5.0,14.0,11.624960000000005,3.0,-0.05158006396704795,-0.5409753080360964
20,20.0,14.0,4.125000000000009,5.0,14.0,11.624960000000005,3.0,-0.054548790213229226,-0.4762521970884915
21,21.0,14.0,3.6250000000000107,5.0,14.0,11.624960000000005,3.0,-0.0566020921502115,-0.4072382607794836
22,22.0,14.0,3.1250000000000124,5.0,14.0,11.624960000000005,3.0,-0.057697662175420605,-0.37785334565522966
23,23.0,14.0,2.625000000000014,5.0,14.0,11.624960000000005,3.0,0.27979964097906806,-0.3515045302338849
24,24.0,14.0,2.125000000000016,14.0,14.0,7.124999999979519,3.0,-0.04113133078452269,-0.04113133078452269
25,25.0,14.0,1.6250000000000178,14.0,14.0,7.124999999979519,3.0,-0.04181531846403719,-0.13159586996091732
26,26.0,14.0,1.1250000000000195,14.0,14.0,7.124999999979519,3.0,-0.04182889412598323,-0.12104919678521692
27,27.0,14.0,0.6250000000000213,14.0,14.0,7.124999999979519,3.0,-0.04128303970815561,0.06976712952127781
28,28.0,14.0,0.1250000000000231,14.0,14.0,7.124999999979519,3.0,-0.04029492029564086,0.10976565049539623
29,29.0,14.0,-0.3749999999999769,14.0,14.0,7.124999999979519,1.0,-0.006275882990464443,0.1519961138904293
30,30.0,13.600000000000009,-0.474999999999977,14.0,14.0,7.124999999979519,0.0,-0.007231164896581377,0.16819336651929825
31,31.0,13.920000000000009,-0.494999999999977,14.0,14.0,7.124999999979519,3.0,-0.5053762396175181,0.17797954334466354
32,32.0,13.984000000000002,-0.8989999999999769,3.0,14.0,12.62400000000001,0.0,-0.022755927496950323,-0.022755927496950323
33,33.0,14.396800000000006,-0.9797999999999778,3.0,14.0,12.62400000000001,2.0,0.025227301664443313,0.7356817521613847
34,34.0,14.47936,-0.5959599999999781,3.0,14.0,12.62400000000001,1.0,0.014450033010637686,0.7245029120922424
35,35.0,14.095871999999986,-0.5191919999999777,3.0,14.0,12.62400000000001,3.0,-0.034368708743903464,0.7233780561704671
36,36.0,14.019174399999997,-0.9038383999999771,3.0,14.0,12.62400000000001,1.0,0.0015158869793870378,0.7731962756886827
37,37.0,13.603834879999997,-0.9807676799999769,3.0,14.0,12.62400000000001,1.0,0.00726412420907363,0.7877503255439829
38,38.0,13.120766975999999,-0.9961535359999778,3.0,14.0,12.62400000000001,1.0,0.00696908059790996,0.643534905542753
39,39.0,12.6241533952,-0.9992307071999789,3.0,14.0,12.62400000000001,2.0,0.027757605787527784,0.6936445222096593
40,40.0,12.52483067904,-0.5998461414399796,3.0,14.0,12.62400000000001,1.0,0.008026074978824627,0.6780950397244668
41,41.0,12.10496613580801,-0.5199692282879802,3.0,14.0,12.62400000000001,2.0,0.027273845438737065,0.6648056730721497
42,42.0,12.020993227161615,-0.10399384565757996,3.0,14.0,12.62400000000001,3.0,-0.02573151445813998,0.6257692521125332
43,43.0,12.004198645432332,-0.42079876913149894,3.0,14.0,12.62400000000001,1.0,-0.0035100808580714737,0.6786452630108927
44,44.0,11.600839729086477,-0.4841597538262836,3.0,14.0,12.62400000000001,3.0,-0.02829666198419528,0.6957227274945312
45,45.0,11.520167945817313,-0.8968319507652405,3.0,14.0,12.62400000000001,3.0,-0.008942074062459004,0.7348373021259157
46,46.0,11.516941074486546,-0.9933388386427988,3.0,14.0,12.62400000000001,2.0,0.69864052194397,0.7808669551136821
47,47.0,11.516941074486546,-0.5933388386427985,24.0,14.0,2.125000000000016,0.0,0.038046477322626004,0.038046477322626004
48,48.0,11.916941074486537,-0.5133388386427984,24.0,14.0,2.125000000000016,2.0,0.006325595348359081,0.10502505950235055
49,49.0,11.996941074486529,-0.09733883864279758,24.0,14.0,2.125000000000016,3.0,-0.0009658043394180638,0.10074015922471871
50,50.0,12.012941074486527,-0.4141388386427969,24.0,14.0,2.125000000000016,2.0,-0.0017804118530412305,0.0982235967942581
51,51.0,12.01614107448653,-0.07749883864279772,24.0,14.0,2.125000000000016,1.0,-0.04610568043346419,0.10399665615186503
52,52.0,11.616781074486521,-0.010170838642797886,24.0,14.0,2.125000000000016,2.0,0.2584452150152262,0.15649832715530715
53,53.0,11.536909074486516,0.40329476135720244,44.0,11.600839729086477,-0.4841597538262836,1.0,-0.008214457216059179,-0.008214457216059179
54,54.0,11.120934674486513,0.4859878813572016,44.0,11.600839729086477,-0.4841597538262836,1.0,-0.012374867675386425,-0.040108479990680276
55,55.0,10.637739794486507,0.5025265053572014,44.0,11.600839729086477,-0.4841597538262836,0.0,0.00733622769841713,-0.028534121354234065
56,56.0,10.941100818486504,0.5058342301572005,44.0,11.600839729086477,-0.4841597538262836,1.0,-0.009275114106332971,-0.03629487899988391
57,57.0,10.601773023286498,0.5064957751171995,44.0,11.600839729086477,-0.4841597538262836,0.0,0.00830501366107339,-0.034865416511808384
58,58.0,10.933907464246506,0.5066280841091975,44.0,11.600839729086477,-0.4841597538262836,3.0,0.004581595852954146,-0.07308553310096325
59,59.0,11.000334352438507,0.10665454590759849,44.0,11.600839729086477,-0.4841597538262836,0.0,0.008159988482119185,-0.05733914843460047
60,60.0,11.413619730076913,0.026659838267277802,44.0,11.600839729086477,-0.4841597538262836,0.0,0.004287012200398399,-0.06660584684954225
61,61.0,11.896276805604586,0.01066089673921189,44.0,11.600839729086477,-0.4841597538262836,0.0,-0.005451334128989904,-0.10315899459235017
62,62.0,12.392808220710123,0.007461108433599595,44.0,11.600839729086477,-0.4841597538262836,1.0,0.0047605839961787355,-0.17834542888245908
63,63.0,12.092114503731228,0.006821150772478024,44.0,11.600839729086477,-0.4841597538262836,2.0,0.0009880244390912951,-0.16457024387259553
64,64.0,12.031975760335449,0.4066931592402523,44.0,11.600839729086477,-0.4841597538262836,3.0,-0.005164200091235305,-0.229566662734292
65,65.0,12.0199480116563,0.08666756093380856,53.0,11.536909074486516,0.40329476135720244,2.0,0.0025586103058833354,0.0025586103058833354
66,66.0,12.017542461920467,0.42266244127252106,53.0,11.536909074486516,0.40329476135720244,3.0,-0.002610583678488876,-0.3343449426017455
67,67.0,12.017061351973297,0.08986141734026232,53.0,11.536909074486516,0.40329476135720244,2.0,0.002553330099808626,-0.35130806493101335
68,68.0,12.016965129983863,0.4233012125538127,53.0,11.536909074486516,0.40329476135720244,1.0,0.002653040663220363,-0.3604594724467096
69,69.0,11.616945885585974,0.489989171596521,60.0,11.413619730076913,0.026659838267277802,1.0,-0.0042691114338543334,-0.0042691114338543334
70,70.0,11.136942036706394,0.5033267634050609,60.0,11.413619730076913,0.026659838267277802,2.0,-0.004382441470770271,-0.23337897680175593
71,71.0,11.040941266930481,0.905994281766771,60.0,11.413619730076913,0.026659838267277802,0.0,0.005184505778045856,-0.21603442229961134
72,72.0,11.421741112975294,0.986527785439113,60.0,11.413619730076913,0.026659838267277802,2.0,-0.00016052952187406433,-0.1587710546691981
73,73.0,11.421741112975294,0.986527785439113,60.0,11.413619730076913,0.026659838267277802,3.0,0.0015585782580119778,-0.17119156558925452
74,74.0,11.421741112975294,0.5865277854391127,60.0,11.413619730076913,0.026659838267277802,3.0,-0.32121657700267436,-0.2027398112303578
75,75.0,11.421741112975294,0.10652778543911223,26.0,14.0,1.1250000000000195,3.0,0.005650723491973264,0.005650723491973264
76,76.0,11.421741112975294,-0.3894722145608882,26.0,14.0,1.1250000000000195,0.0,0.042079149814622685,0.0292846018309322
77,77.0,11.821741112975285,-0.4886722145608875,26.0,14.0,1.1250000000000195,0.0,0.05276592278611436,-0.4318535083489326
78,78.0,12.301741112975286,-0.5085122145608874,26.0,14.0,1.1250000000000195,1.0,-0.038223105088861176,-0.4938587992940795
79,79.0,11.997741112975284,-0.5124802145608882,26.0,14.0,1.1250000000000195,0.0,0.03665571826443448,-0.45783918368235615
80,80.0,12.336941112975286,-0.5132738145608879,26.0,14.0,1.1250000000000195,1.0,-0.04164098791568083,-0.49537171437571764
81,81.0,12.00478111297529,-0.5134325345608888,26.0,14.0,1.1250000000000195,1.0,-0.05447147982796485,-0.4522202411295123
82,82.0,11.53834911297529,-0.5134642785608885,26.0,14.0,1.1250000000000195,0.0,0.030450031141311618,-0.40087161029546786
83,83.0,11.845062712975285,-0.5134706273608876,26.0,14.0,1.1250000000000195,2.0,-0.000778709018988688,-0.44662412749501484
84,84.0,11.90640543297529,-0.11347189712088657,26.0,14.0,1.1250000000000195,2.0,-0.008702781870836951,-0.45292268284474013
85,85.0,11.918673976975295,0.36652784892711265,26.0,14.0,1.1250000000000195,0.0,0.048171910172637444,-0.4611136264270087
86,86.0,12.321127685775288,0.4625277981367124,26.0,14.0,1.1250000000000195,0.0,0.06392464846895018,-0.5347119777450203
87,87.0,12.801618427535281,0.4817277879786306,26.0,14.0,1.1250000000000195,0.0,0.06280859561278318,-0.6256333552657465
88,88.0,13.297716575887286,0.4855677859470151,26.0,14.0,1.1250000000000195,3.0,5.809257968669712e-05,-0.6983273987032425
89,89.0,13.396936205557683,0.08633578554069077,26.0,14.0,1.1250000000000195,3.0,-0.012220852073455468,-0.7038523394289883
90,90.0,13.41678013149177,-0.39351061454057445,26.0,14.0,1.1250000000000195,2.0,0.004291480026881178,-0.7167302996510143
91,91.0,13.42074891667859,-0.0894798945568267,26.0,14.0,1.1250000000000195,2.0,0.007327846234645219,-0.7300867331920438
92,92.0,13.421542673715951,0.37132624943992365,26.0,14.0,1.1250000000000195,1.0,0.11872017886394948,-0.7423682055927935
93,93.0,13.021701425123428,0.4634874782392737,78.0,12.301741112975286,-0.5085122145608874,1.0,0.005638691936418416,0.005638691936418416
94,94.0,12.541733175404925,0.4819197239991455,78.0,12.301741112975286,-0.5085122145608874,0.0,-0.0005156526891567648,-0.9080877087015247
95,95.0,12.84573952546123,0.48560617315112165,78.0,12.301741112975286,-0.5085122145608874,2.0,0.0006761663891111658,-0.9175995682429812
96,96.0,12.906540795472498,0.8863434629815146,78.0,12.301741112975286,-0.5085122145608874,0.0,-0.01603844920187203,-0.7412159971606809
97,97.0,13.318701049474743,0.9664909209475923,78.0,12.301741112975286,-0.5085122145608874,0.0,-0.06383972734562193,-0.756724463931529
98,98.0,13.801133100275191,0.9825204125408069,78.0,12.301741112975286,-0.5085122145608874,1.0,0.04818205973708789,-0.7434511185758724
99,99.0,13.497619510435285,0.9857263108594481,78.0,12.301741112975286,-0.5085122145608874,2.0,0.000505736593842121,-0.8317409946068828
100,100.0,13.497619510435285,0.9857263108594481,78.0,12.301741112975286,-0.5085122145608874,0.0,-0.06776515206812861,-0.8724182081016589
101,101.0,13.897619510435277,0.9857263108594481,78.0,12.301741112975286,-0.5085122145608874,0.0,-0.17292077628435631,-0.8095385573667625
102,102.0,14.377619510435263,0.9857263108594481,48.0,11.916941074486537,-0.5133388386427984,1.0,0.04897274871192692,0.04897274871192692
103,103.0,14.073619510435261,0.9857263108594481,52.0,11.616781074486521,-0.010170838642797886,0.0,-0.13331166101984993,-0.13331166101984993
104,104.0,14.412819510435245,0.9857263108594481,52.0,11.616781074486521,-0.010170838642797886,3.0,-0.03468434050555602,-0.610149304466667
105,105.0,14.480659510435242,0.5857263108594477,52.0,11.616781074486521,-0.010170838642797886,0.0,-0.18026238523436355,-0.5681181888854683
106,106.0,14.894227510435233,0.5057263108594476,52.0,11.616781074486521,-0.010170838642797886,3.0,-0.02815241942324398,-0.3583937969524077
107,107.0,14.976941110435217,0.08972631085944904,52.0,11.616781074486521,-0.010170838642797886,3.0,0.0013711273932653922,-0.3660769378891619
108,108.0,14.993483830435213,-0.39347368914055014,52.0,11.616781074486521,-0.010170838642797886,1.0,0.14691200273472815,-0.406625476509898
109,109.0,14.5967923744352,-0.4901136891405491,52.0,11.616781074486521,-0.010170838642797886,1.0,0.15868826564955052,-0.5477887498974897
110,110.0,14.117454083235184,-0.5094416891405498,52.0,11.616781074486521,-0.010170838642797886,2.0,0.03877672383547659,-0.6978862991558654
111,111.0,14.021586424995181,-0.11330728914054866,52.0,11.616781074486521,-0.010170838642797886,0.0,0.1472363361579203,-0.7291001542891103
112,112.0,14.40241289334718,-0.034080409140547996,31.0,13.920000000000009,-0.494999999999977,3.0,-0.020545660378519792,-0.020545660378519792
113,113.0,14.478578187017593,-0.41823503314054733,31.0,13.920000000000009,-0.494999999999977,0.0,-0.058189023228568226,-0.9405921090346742
114,114.0,14.893811245751674,-0.4950659579405472,31.0,13.920000000000009,-0.494999999999977,0.0,-0.09067498939417817,-0.8811785632574146
115,115.0,15.376857857498504,-0.5104321429005467,31.0,13.920000000000009,-0.494999999999977,0.0,-0.1016520802162082,-0.8293699636936472
116,116.0,15.87346717984786,-0.5135053798925462,31.0,13.920000000000009,-0.494999999999977,1.0,-0.9208470231573547,-0.7655766155354563
117,117.0,15.57278904431772,-0.5141200272909465,7.0,14.0,10.624998400000006,0.0,0.0014310236679059285,0.0014310236679059285
118,118.0,15.912653417211683,-0.5142429567706266,7.0,14.0,10.624998400000006,2.0,0.01560082543087532,0.2092140309209049
119,119.0,15.980626291790468,-0.11426754266656314,7.0,14.0,10.624998400000006,2.0,0.020261641628624316,0.17134864677062242
120,120.0,15.994220866706211,0.365727540154249,7.0,14.0,10.624998400000006,2.0,0.023681580854650275,0.12621161175881718
121,121.0,15.99693978168936,0.8617265567184127,7.0,14.0,10.624998400000006,0.0,0.01098177872086381,0.07916224033145268
122,122.0,16.397483564685974,0.9609263600312454,7.0,14.0,10.624998400000006,1.0,-0.014292119665738429,0.08294196457694508
123,123.0,16.07759232128529,0.980766320693812,7.0,14.0,10.624998400000006,0.0,0.004445114410079748,0.11874772679336522
124,124.0,16.413614072605146,0.9847343128263262,7.0,14.0,10.624998400000006,1.0,-0.01721212917143705,0.1367498246909805
125,125.0,16.080818422869104,0.985527911252829,7.0,14.0,10.624998400000006,3.0,-0.03305404585654076,0.17657060086281812
126,126.0,16.014259292921903,0.5856866309381301,7.0,14.0,10.624998400000006,3.0,-0.03249730495657166,0.19563257227741931
127,127.0,16.000947466932477,0.10571837487519087,7.0,14.0,10.624998400000006,2.0,0.009156599619778216,0.2138906944097843
128,128.0,15.998285101734592,0.40972472366260426,7.0,14.0,10.624998400000006,2.0,0.019318355034445622,0.21904418755310995
129,129.0,15.997752628695029,0.8705259934200846,7.0,14.0,10.624998400000006,3.0,-0.02415121504723916,0.19009895632282967
130,130.0,15.997646134087123,0.562686247371583,7.0,14.0,10.624998400000006,2.0,0.012422652303230641,0.19967710044251888
131,131.0,15.997624835165528,0.9011182981618813,7.0,14.0,10.624998400000006,2.0,0.022198180342776763,0.17063811434437767
132,132.0,15.997620575381216,1.3688047083199404,7.0,14.0,10.624998400000006,3.0,-0.02629234672671782,0.13633721619926759
133,133.0,15.997619723424346,1.0623419903515527,7.0,14.0,10.624998400000006,2.0,0.01420689090377425,0.17185138855229617
134,134.0,15.997619553032965,1.4010494467578747,7.0,14.0,10.624998400000006,0.0,0.018677297710420038,0.17347570877785407
135,135.0,16.397619518954688,1.4687909380391382,7.0,14.0,10.624998400000006,3.0,0.4305225117896509,0.14132951299909907
136,136.0,16.477619512139047,1.0823392362953896,89.0,13.396936205557683,0.08633578554069077,2.0,-0.03682389907794609,-0.03682389907794609
137,137.0,16.493619510775904,1.405048895946642,89.0,13.396936205557683,0.08633578554069077,0.0,-0.08009272439963155,-0.2954224091500779
138,138.0,16.89681951050328,1.4695908278768908,89.0,13.396936205557683,0.08633578554069077,2.0,-0.052665414241733544,-0.2303496228822783
139,139.0,16.977459510448757,1.882499214262939,89.0,13.396936205557683,0.08633578554069077,2.0,-0.05098293054587749,-0.20029025005132317
140,140.0,16.99358751043785,2.365080891540151,89.0,13.396936205557683,0.08633578554069077,3.0,0.02536517740142602,-0.1435476268602298
141,141.0,16.996813110435657,2.0615972269955893,89.0,13.396936205557683,0.08633578554069077,2.0,-0.03574466044433372,-0.18847474670288067
142,142.0,16.99745823043521,2.400900494086674,89.0,13.396936205557683,0.08633578554069077,1.0,0.043757034484158575,-0.18456755565349203
143,143.0,16.59758725443513,2.4687611475048907,89.0,13.396936205557683,0.08633578554069077,0.0,-0.04875627569965574,-0.27775952414869054
144,144.0,16.917613059235098,2.482333278188534,89.0,13.396936205557683,0.08633578554069077,1.0,0.04197693941379299,-0.3355158611142571
145,145.0,16.58161822019508,2.4850477043252592,89.0,13.396936205557683,0.08633578554069077,1.0,0.08218498864491958,-0.29768720940975196
146,146.0,16.114419252387076,2.4855905895526007,89.0,13.396936205557683,0.08633578554069077,0.0,-0.06397575893907492,-0.43487132736595463
147,147.0,16.420979458825467,2.4856991665980708,89.0,13.396936205557683,0.08633578554069077,0.0,-0.06965419241731108,-0.4035624773280082
148,148.0,16.88229150011313,2.4857208820071683,89.0,13.396936205557683,0.08633578554069077,1.0,0.037479221910071525,-0.09251183062047333
149,149.0,16.574553908370678,2.4857252250889914,89.0,13.396936205557683,0.08633578554069077,3.0,0.05059102970158741,-0.22766153023175884
150,150.0,16.513006390022188,2.085726093705352,89.0,13.396936205557683,0.08633578554069077,3.0,0.04968555467239494,-0.2699611082532808
151,151.0,16.500696886352483,1.6057262674286235,89.0,13.396936205557683,0.08633578554069077,0.0,-0.0571048182312926,-0.353121006760347
152,152.0,16.898234985618533,1.5097263021732767,89.0,13.396936205557683,0.08633578554069077,2.0,-0.049661065208511934,-0.3330296700062781
153,153.0,16.977742605471736,1.890526309122206,89.0,13.396936205557683,0.08633578554069077,1.0,0.042288707047960394,-0.2389938770672725
154,154.0,16.593644129442385,1.9666863105119927,89.0,13.396936205557683,0.08633578554069077,0.0,-0.04998647153792901,-0.23585825104803013
155,155.0,16.916824434236513,1.981918310789951,89.0,13.396936205557683,0.08633578554069077,2.0,-0.05058824166959708,-0.22901205102499428
156,156.0,16.981460495195325,2.384964710845546,89.0,13.396936205557683,0.08633578554069077,1.0,0.03445105132666909,-0.1654807573604336
157,157.0,16.594387707387096,2.465573990856665,89.0,13.396936205557683,0.08633578554069077,1.0,0.07258995169243199,-0.15856576396619754
158,158.0,16.11697314982546,2.4816958468588854,89.0,13.396936205557683,0.08633578554069077,0.0,-0.05764305220967908,-0.2742706744661535
159,159.0,16.421490238313115,2.484920218059333,89.0,13.396936205557683,0.08633578554069077,2.0,-0.06147543366681024,-0.27524553874059393
160,160.0,16.48239365601064,2.885565092299421,89.0,13.396936205557683,0.08633578554069077,0.0,-0.055981630615908384,-0.19008091063538168
161,161.0,16.89457433955013,2.9656940671474405,89.0,13.396936205557683,0.08633578554069077,3.0,0.02939791743213052,-0.16928695278906877
162,162.0,16.97701047625802,2.5817198621170476,89.0,13.396936205557683,0.08633578554069077,3.0,0.04294070152317089,0.11380846660885538
163,163.0,16.993497703599584,2.104925021110967,89.0,13.396936205557683,0.08633578554069077,3.0,0.044227502688206244,0.06748706878565107
164,164.0,16.996795149067903,1.6095660529097522,89.0,13.396936205557683,0.08633578554069077,3.0,0.042802821837342964,0.0064455788190008675
165,165.0,16.997454638161567,1.11049425926951,89.0,13.396936205557683,0.08633578554069077,0.0,-0.04017211052260672,-0.027867668947945755
166,166.0,17.397586535980306,1.0106799005414624,89.0,13.396936205557683,0.08633578554069077,2.0,-0.041545837850395784,-0.002231602719255517
167,167.0,17.47761291554404,1.3907170287958515,89.0,13.396936205557683,0.08633578554069077,3.0,0.022277765341972178,0.016629205377966198
168,168.0,17.493618191456793,1.066724454446728,89.0,13.396936205557683,0.08633578554069077,2.0,-0.030129780460708522,-0.03424718893386848
169,169.0,17.49681924663935,1.4019259395769046,89.0,13.396936205557683,0.08633578554069077,2.0,-0.04165715976879303,-0.034494216782358006
170,170.0,17.497459457675856,1.8689662366029403,89.0,13.396936205557683,0.08633578554069077,2.0,-0.044938474150457014,-0.02160832264042206
171,171.0,17.497587499883164,2.362374296008145,89.0,13.396936205557683,0.08633578554069077,0.0,-0.03327226539366282,0.168087344451796
172,172.0,17.897613108324638,2.4610559078891825,89.0,13.396936205557683,0.08633578554069077,1.0,0.012979117371186677,0.24785245690717106
173,173.0,17.57761823001292,2.4807922302653918,89.0,13.396936205557683,0.08633578554069077,1.0,0.027735440318639865,0.2369003865284773
174,174.0,17.113619254350564,2.4847394947406354,89.0,13.396936205557683,0.08633578554069077,2.0,-0.03656152918836114,0.18971186225281125
175,175.0,17.020819459218078,2.8855289476356827,89.0,13.396936205557683,0.08633578554069077,2.0,-0.05190450560193391,0.08958721461350386
176,176.0,17.002259500191595,3.3656868382146943,89.0,13.396936205557683,0.08633578554069077,0.0,-0.017134794056425484,0.13198693241127354
177,177.0,17.39854750838631,3.461718416330495,13.0,14.0,7.6249999998976,1.0,-0.02336310575866629,-0.02336310575866629
178,178.0,17.07780511002525,3.4809247319536585,13.0,14.0,7.6249999998976,1.0,-0.04173259939831431,0.1709122806794981
179,179.0,16.613656630353045,3.4847659950782894,13.0,14.0,7.6249999998976,0.0,0.019364230110435976,0.2009123711197608
180,180.0,16.92082693441861,3.485534247703219,13.0,14.0,7.6249999998976,1.0,-0.035432876809564695,0.20028116680388264
181,181.0,16.582260995231724,3.485687898228207,13.0,14.0,7.6249999998976,1.0,-0.06315030911430969,0.22513731168060022
182,182.0,16.114547807394356,3.485718628333201,13.0,14.0,7.6249999998976,1.0,-0.09845120879202773,0.27498511243062335
183,183.0,15.621005169826883,3.4857247743541997,13.0,14.0,7.6249999998976,1.0,-0.22392238050096147,0.3932658112494606
184,184.0,15.122296642313376,3.485726003558396,4.0,14.0,12.124800000000008,0.0,0.1924147578648614,0.1924147578648614
185,185.0,15.42255493681068,3.485726249399237,15.0,14.0,6.624999999995907,1.0,-0.10388526093653605,-0.10388526093653605
186,186.0,15.082606595710143,3.4857262985674087,15.0,14.0,6.624999999995907,2.0,-0.05518428777837736,0.19627091990874015
187,187.0,15.014616927490035,3.885726308401045,15.0,14.0,6.624999999995907,3.0,0.5457627786431231,0.3204554600378384
188,188.0,15.001018993846028,3.565726310367774,88.0,13.297716575887286,0.4855677859470151,2.0,-0.2089234074529273,-0.2089234074529273
189,189.0,14.998299407117234,3.90172631076112,25.0,14.0,1.6250000000000178,0.0,0.0307172121087817,0.0307172121087817
190,190.0,15.397755489771466,3.968926310839791,25.0,14.0,1.6250000000000178,1.0,-0.059259366752494436,-0.16207392903690637
191,191.0,15.0776467063023,3.982366310855525,25.0,14.0,1.6250000000000178,1.0,-0.0681015493996242,0.1206581478833812
192,192.0,14.613624949608482,3.9850543108586756,25.0,14.0,1.6250000000000178,3.0,0.11028620309989334,0.2089117312076835
193,193.0,14.520820598269705,3.585591910859307,25.0,14.0,1.6250000000000178,3.0,0.11250045466344583,0.19600027983473212
194,194.0,14.502259728001935,3.1056994308594366,25.0,14.0,1.6250000000000178,2.0,-0.08651558345600402,0.011986979734309164
195,195.0,14.49854755394838,3.4097209348594593,25.0,14.0,1.6250000000000178,1.0,0.03646545302202775,0.06115971599290834
196,196.0,14.097805119137657,3.4705252356594674,25.0,14.0,1.6250000000000178,1.0,0.09992667631759747,0.045098749046251635
197,197.0,13.617656632175514,3.482686095819467,25.0,14.0,1.6250000000000178,0.0,-0.08442789143700677,0.03578644850150696
198,198.0,13.921626934783077,3.4851182678514636,25.0,14.0,1.6250000000000178,2.0,-0.1191675063304467,0.050326236667311314
199,199.0,13.982420995304594,3.8856047022578633,25.0,14.0,1.6250000000000178,3.0,0.06168002633027664,0.27305965069630567
200,200.0,13.994579807408904,3.565701989139143,25.0,14.0,1.6250000000000178,0.0,-0.07135271458563425,0.21291013314195922
201,201.0,14.397011569829765,3.5017214465154023,25.0,14.0,1.6250000000000178,3.0,0.696021732867931,0.20404719720143882
202,202.0,14.477497922313944,3.0889253379906556,140.0,16.99358751043785,2.365080891540151,2.0,-0.01061349200901085,-0.01061349200901085
203,203.0,14.493595192810773,3.4063661162857084,140.0,16.99358751043785,2.365080891540151,2.0,-0.03801409804575512,-0.41695044443563445
204,204.0,14.496814646910138,3.8698542719447193,140.0,16.99358751043785,2.365080891540151,3.0,0.020298225824248728,-0.35424700864028885
205,205.0,14.497458537730019,3.562551903076523,140.0,16.99358751043785,2.365080891540151,2.0,-0.03251379651234526,-0.39617460651294556
206,206.0,14.497587315894009,3.9010914293028875,140.0,16.99358751043785,2.365080891540151,2.0,-0.05164369082166331,-0.3934022690874325
207,207.0,14.4976130715268,4.368799334548159,140.0,16.99358751043785,2.365080891540151,2.0,-0.06262880837383503,-0.6272443357970158
208,208.0,14.497618222653365,4.862340915597212,140.0,16.99358751043785,2.365080891540151,2.0,-0.06660735263057635,-0.5635397322285667
209,209.0,14.497619252878692,5.361049231807025,140.0,16.99358751043785,2.365080891540151,2.0,-0.06358329254995956,-0.48354454935411506
210,210.0,14.497619458923758,5.860790895048984,140.0,16.99358751043785,2.365080891540151,0.0,0.3172432530895477,-0.39176632236552944
211,211.0,14.897619500132777,5.960739227697376,140.0,16.99358751043785,2.365080891540151,3.0,0.09319219268228368,-0.6977790508795925
212,212.0,14.977619508374566,5.580728894227054,140.0,16.99358751043785,2.365080891540151,0.0,-0.0060824731457386205,-0.7843433989105475
213,213.0,14.977619508374566,5.580728894227054,140.0,16.99358751043785,2.365080891540151,2.0,-0.052159075908400354,-0.7613631087353293
214,214.0,14.977619508374566,5.980728894227054,140.0,16.99358751043785,2.365080891540151,1.0,-0.3106973202007197,-0.7484486356051402
215,215.0,14.577619508374575,6.060728894227047,140.0,16.99358751043785,2.365080891540151,3.0,-0.027248183633520807,-0.4236288269104485
216,216.0,14.497619508374584,5.676728894227046,140.0,16.99358751043785,2.365080891540151,2.0,-0.04868864189925707,-0.3860623499319117
217,217.0,14.481619508374585,5.9999288942270494,140.0,16.99358751043785,2.365080891540151,3.0,0.031656507039597555,-0.3272431887892471
218,218.0,14.4784195083746,5.664568894227052,140.0,16.99358751043785,2.365080891540151,2.0,-0.03533933611193276,-0.3421729448095667
219,219.0,14.477779508374617,5.997496894227051,140.0,16.99358751043785,2.365080891540151,3.0,0.033043278237864994,-0.332118820860204
220,220.0,14.477651508374613,5.66408249422705,140.0,16.99358751043785,2.365080891540151,2.0,-0.03383321628785995,-0.3927865067607833
221,221.0,14.477625908374627,5.9973996142270485,140.0,16.99358751043785,2.365080891540151,2.0,-0.04218576076266756,-0.3472565288491237
222,222.0,14.47762078837463,6.464063038227048,140.0,16.99358751043785,2.365080891540151,3.0,0.02684353367365852,-0.29677097455393214
223,223.0,14.477619764374616,6.1573957230270455,140.0,16.99358751043785,2.365080891540151,1.0,-0.7681851435218584,-0.3411720250221164
224,224.0,14.077619559574607,6.096062259987038,16.0,14.0,6.124999999999186,0.0,-0.05784126259076072,-0.05784126259076072
225,225.0,14.39761951861459,6.083795567379033,16.0,14.0,6.124999999999186,1.0,0.056021852542700756,0.5027782397378175
226,226.0,14.061619510422602,6.0813422288574355,16.0,14.0,6.124999999999186,1.0,0.140433220600923,0.5141731924724905
227,227.0,13.594419508784208,6.0808515611531195,16.0,14.0,6.124999999999186,3.0,0.004801620690926711,0.4481937015515757
228,228.0,13.500979508456536,5.680753427612254,16.0,14.0,6.124999999999186,0.0,-0.13606185058268283,0.4772080162205691
229,229.0,13.882291508390994,5.600733800904084,16.0,14.0,6.124999999999186,0.0,-0.10557071379715333,0.5741352546327605
230,230.0,14.358553908377882,5.584729875562452,16.0,14.0,6.124999999999186,1.0,0.4959823802054554,0.6928215881349601
231,231.0,14.053806388375254,5.5815290904941275,123.0,16.07759232128529,0.980766320693812,3.0,0.03583976850575715,0.03583976850575715
232,232.0,13.992856884374739,5.180888933480462,123.0,16.07759232128529,0.980766320693812,0.0,0.20968064040734327,0.23978596151756965
233,233.0,14.380666983574642,5.100760902077729,123.0,16.07759232128529,0.980766320693812,1.0,-0.1609883778331945,0.0363522720545913
234,234.0,14.058229003414631,5.084735295797186,123.0,16.07759232128529,0.980766320693812,2.0,-0.08652907014530609,0.05660775245556579
235,235.0,13.993741407382641,5.48153017454108,123.0,16.07759232128529,0.980766320693812,3.0,0.04375699667661115,0.2366368575288189
236,236.0,13.980843888176247,5.1608891502898615,123.0,16.07759232128529,0.980766320693812,0.0,0.20170196393341436,0.2907454711961281
237,237.0,14.378264384334958,5.096760945439621,123.0,16.07759232128529,0.980766320693812,1.0,-0.15906341429376594,0.0976577118402687
238,238.0,14.057748483566701,5.083935304469577,49.0,11.996941074486529,-0.09733883864279758,1.0,0.22011358709788878,0.22011358709788878
239,239.0,13.593645303413052,5.081370176275572,49.0,11.996941074486529,-0.09733883864279758,2.0,-0.0061200166361290165,-0.021818650187769316
240,240.0,13.500824667382314,5.480857150636766,49.0,11.996941074486529,-0.09733883864279758,0.0,-0.18913286531250295,-0.10274526402755194
241,241.0,13.882260540176173,5.560754545509003,49.0,11.996941074486529,-0.09733883864279758,3.0,0.004117532004163982,0.07950390843623906
242,242.0,13.958547714734937,5.176734024483446,49.0,11.996941074486529,-0.09733883864279758,1.0,0.18155080316968597,0.06846673869568426
243,243.0,13.573805149646699,5.09992992027834,49.0,11.996941074486529,-0.09733883864279758,3.0,0.07129066440310611,-0.1091153186873059
244,244.0,13.496856636629058,4.68456909943732,49.0,11.996941074486529,-0.09733883864279758,2.0,-0.030751329360826668,-0.18952471399891244
245,245.0,13.481466934025537,5.001496935269113,49.0,11.996941074486529,-0.09733883864279758,2.0,-0.049076495132570314,-0.33112680960286156
246,246.0,13.47838899350484,5.464882502435472,49.0,11.996941074486529,-0.09733883864279758,0.0,-0.6123864111313283,-0.32093717442444475
247,247.0,13.877773405400696,5.55755961586874,11.0,14.0,8.62499999743999,2.0,0.027701545095624946,0.027701545095624946
248,248.0,13.95765028777986,5.976095038555393,11.0,14.0,8.62499999743999,2.0,0.05173592176841468,0.2631803505768044
249,249.0,13.973625664255696,6.459802123092725,11.0,14.0,8.62499999743999,1.0,0.08083964153171763,0.22930008842496216
250,250.0,13.576820739550868,6.556543540000192,11.0,14.0,8.62499999743999,2.0,0.0565090481628735,0.1782071205766541
251,251.0,13.497459754609896,6.975891823381687,11.0,14.0,8.62499999743999,2.0,0.05006661971074988,0.11369708859035443
252,252.0,13.481587557621697,7.459761480057988,11.0,14.0,8.62499999743999,1.0,0.07207774307451931,0.09634457626620643
253,253.0,13.078413118224066,7.556535411393245,11.0,14.0,8.62499999743999,0.0,-0.05446625098589797,0.048855800970896424
254,254.0,13.397778230344535,7.5758901976603035,11.0,14.0,8.62499999743999,1.0,0.050695635076578316,0.12833067640717602
255,255.0,13.061651252768634,7.579761154913708,11.0,14.0,8.62499999743999,2.0,0.04047458827441369,0.12161326767434573
256,256.0,12.994425857253454,7.980535346364398,11.0,14.0,8.62499999743999,2.0,0.03741388356701464,0.053114459384114986
257,257.0,12.980980778150418,8.460690184654535,11.0,14.0,8.62499999743999,1.0,0.05288352827713255,-0.14095304946051068
258,258.0,12.578291762329819,8.556721152312562,11.0,14.0,8.62499999743999,0.0,-0.0418281778075702,-0.20913898371357606
259,259.0,12.897753959165701,8.575927345844171,11.0,14.0,8.62499999743999,3.0,-0.04435418355526993,-0.16005532582480048
260,260.0,12.961646398532885,8.179768584550494,11.0,14.0,8.62499999743999,1.0,0.041826060814684374,-0.10216328585883713
261,261.0,12.57442488640632,8.100536832291766,11.0,14.0,8.62499999743999,2.0,0.03193897267629453,-0.15538344986767288
262,262.0,12.496980583981,8.484690481840026,11.0,14.0,8.62499999743999,3.0,-0.024083613564022832,0.08196950293636976
263,263.0,12.481491723495928,8.16152121174968,11.0,14.0,8.62499999743999,1.0,0.04015253702484295,0.1042204326685677
264,264.0,12.078393951398912,8.096887357731614,11.0,14.0,8.62499999743999,0.0,-0.04287069501955282,0.07979878311768768
265,265.0,12.397774396979518,8.083960586928004,11.0,14.0,8.62499999743999,0.0,0.12818777125050834,0.07989441122650609
266,266.0,12.861650486095638,8.081375232767275,190.0,15.397755489771466,3.968926310839791,0.0,0.14693694479169447,0.14693694479169447
267,267.0,13.35442570391886,8.080858161935133,190.0,15.397755489771466,3.968926310839791,3.0,0.05445760160939829,-0.13743272465781073
268,268.0,13.452980747483501,7.680754747768702,190.0,15.397755489771466,3.968926310839791,1.0,-0.11356803093388516,-0.23851335977285432
269,269.0,13.072691756196438,7.600734064935416,190.0,15.397755489771466,3.968926310839791,3.0,-0.0016621301014899115,-0.1512667273663632
270,270.0,12.996633957939022,7.184729928368764,190.0,15.397755489771466,3.968926310839791,3.0,0.01950630106908907,-0.11065883317331653
271,271.0,12.981422398287535,6.701529101055431,190.0,15.397755489771466,3.968926310839791,0.0,0.13709272300478595,-0.10952001551772578
272,272.0,13.378380086357236,6.604888935592758,190.0,15.397755489771466,3.968926310839791,2.0,0.012384789096759358,-0.23184437782184522
273,273.0,13.457771623971169,6.985560902500229,190.0,15.397755489771466,3.968926310839791,0.0,-0.31829689007179685,-0.2909450062921004
274,274.0,13.873649931493961,7.061695295881719,156.0,16.981460495195325,2.384964710845546,0.0,0.1991636018062471,0.1991636018062471
275,275.0,14.356825592998515,7.07692217455801,156.0,16.981460495195325,2.384964710845546,0.0,0.20653044086118416,-0.175013141690137
276,276.0,14.853460725299417,7.0799675502932615,156.0,16.981460495195325,2.384964710845546,2.0,0.014945129691833967,-0.4121304725278471
277,277.0,14.952787751759605,7.480576625440317,156.0,16.981460495195325,2.384964710845546,0.0,0.01459645361417701,-0.45489923555212186
278,278.0,14.99477429228881,7.488588806943259,156.0,16.981460495195325,2.384964710845546,1.0,-0.15675874600866252,-0.4681423768240307
279,279.0,14.594774292288818,7.488588806943259,156.0,16.981460495195325,2.384964710845546,1.0,-0.19069250205282293,-0.30059004567724495
280,280.0,14.114774292288836,7.488588806943259,156.0,16.981460495195325,2.384964710845546,3.0,-0.019012257880676037,-0.15117405619988855
281,281.0,14.018774292288846,7.088588806943267,156.0,16.981460495195325,2.384964710845546,2.0,-0.0185976329319561,-0.12711498763089274
282,282.0,13.99957429228886,7.408588806943268,156.0,16.981460495195325,2.384964710845546,3.0,0.013800867367216807,-0.0938614032368914
283,283.0,13.995734292288857,7.072588806943269,156.0,16.981460495195325,2.384964710845546,2.0,-0.011954749381624552,-0.06516363817156694
284,284.0,13.994966292288852,7.4053888069432645,156.0,16.981460495195325,2.384964710845546,3.0,-0.3718437033118709,-0.08681252310547194
285,285.0,13.994812692288845,7.0719488069432686,100.0,13.497619510435285,0.9857263108594481,0.0,-0.07284740192705264,-0.07284740192705264
286,286.0,14.39478197228885,7.005260806943269,100.0,13.497619510435285,0.9857263108594481,3.0,0.022813811212122892,0.3439518418831077
287,287.0,14.474775828288866,6.591923206943264,100.0,13.497619510435285,0.9857263108594481,0.0,-0.04970722279197981,0.335846592481476
288,288.0,14.89077459948886,6.509255686943256,100.0,13.497619510435285,0.9857263108594481,3.0,0.02977259551582845,0.43189546920106786
289,289.0,14.973974353728874,6.092722182943248,100.0,13.497619510435285,0.9857263108594481,1.0,0.05874468822504775,0.4327708431107442
290,290.0,14.590614304576857,6.009415482143254,100.0,13.497619510435285,0.9857263108594481,2.0,-0.02305343568044871,0.34430668506060386
291,291.0,14.51394229474646,6.392754141983261,100.0,13.497619510435285,0.9857263108594481,1.0,0.0690760331118434,0.38496114053171315
292,292.0,14.098607892780368,6.469421873951255,100.0,13.497619510435285,0.9857263108594481,3.0,0.05297695840183714,0.2852147794619589
293,293.0,14.015541012387143,6.084755420344862,100.0,13.497619510435285,0.9857263108594481,3.0,0.05035223375006759,0.7962445346317959
294,294.0,13.998927636308505,5.607822129623578,100.0,13.497619510435285,0.9857263108594481,1.0,0.09321499514466092,0.07459922087095705
295,295.0,13.595604961092782,5.51243547147932,100.0,13.497619510435285,0.9857263108594481,0.0,-0.06526022625436173,-0.050940367552899025
296,296.0,13.914940426049629,5.493358139850468,100.0,13.497619510435285,0.9857263108594481,2.0,-0.3451524004122964,-0.009677317505008554
297,297.0,13.978807519041005,5.889542673524694,10.0,14.0,9.124999987199992,3.0,-0.024948656548413273,-0.024948656548413273
298,298.0,13.99158093763928,5.568779580259539,10.0,14.0,9.124999987199992,2.0,0.02346102113663817,0.37217508773922986
299,299.0,13.994135621358943,5.904626961606507,10.0,14.0,9.124999987199992,2.0,0.03495873458886278,0.36839373471730513
300,300.0,13.994646558102879,6.371796437875895,10.0,14.0,9.124999987199992,0.0,-0.01859193782043278,0.3141376864976288
301,301.0,14.394748745451658,6.465230333129769,10.0,14.0,9.124999987199992,0.0,0.6005211865391642,0.33169335947937145
302,302.0,14.874769182921419,6.4839171121805474,128.0,15.998285101734592,0.40972472366260426,2.0,-0.008788622245959221,-0.008788622245959221
303,303.0,14.970773270415378,6.887654467990702,128.0,15.998285101734592,0.40972472366260426,3.0,0.03171393089687388,-0.312144056618874
304,304.0,14.989974087914177,6.568401939152734,128.0,15.998285101734592,0.40972472366260426,1.0,-0.09955780776036233,-0.3504211358350856
305,305.0,14.593814251413946,6.5045514333851475,128.0,15.998285101734592,0.40972472366260426,0.0,0.08565470969536348,-0.2554201010069158
306,306.0,14.91458228411389,6.491781332231627,128.0,15.998285101734592,0.40972472366260426,3.0,0.050653680279602126,-0.343921876270365
307,307.0,14.978735890653887,6.089227312000917,128.0,15.998285101734592,0.40972472366260426,1.0,-0.09390336185289619,-0.40208143234344046
308,308.0,14.591566611961895,6.008716507954771,128.0,15.998285101734592,0.40972472366260426,2.0,-0.05226843811124421,0.20067250171692713
309,309.0,14.514132756223503,6.392614347145548,128.0,15.998285101734592,0.40972472366260426,0.0,0.09234665346983323,0.25950172369363506
310,310.0,14.898645985075838,6.469393914983707,128.0,15.998285101734592,0.40972472366260426,3.0,0.05123513201380736,0.1196834296838272
311,311.0,14.975548630846305,6.084749828551329,128.0,15.998285101734592,0.40972472366260426,3.0,0.0435387719757126,-0.3022323212374559
312,312.0,14.990929160000412,5.607821011264859,128.0,15.998285101734592,0.40972472366260426,1.0,-0.09175881126675944,-0.3446383101855201
313,313.0,14.594005265831242,5.512435247807565,128.0,15.998285101734592,0.40972472366260426,0.0,0.08110867088040705,-0.24987011076164747
314,314.0,14.914620486997414,5.493358095116102,128.0,15.998285101734592,0.40972472366260426,1.0,-0.08334587113555186,-0.329794359651924
315,315.0,14.578743531230636,5.489542664577808,128.0,15.998285101734592,0.40972472366260426,2.0,-0.05013296000608514,-0.24381524641141722
316,316.0,14.51156814007728,5.888779578470146,128.0,15.998285101734592,0.40972472366260426,2.0,-0.0420139817137323,0.0693815822795937
317,317.0,14.498133061846623,6.3686269612486175,128.0,15.998285101734592,0.40972472366260426,3.0,0.024043415226359832,0.11053068187818399
318,318.0,14.495446046200477,6.06459643780431,128.0,15.998285101734592,0.40972472366260426,3.0,0.03770556612176096,0.08527031330067168
319,319.0,14.494908643071263,5.60379033311545,128.0,15.998285101734592,0.40972472366260426,1.0,-0.08582678209930117,0.04775453862230094
320,320.0,14.094801162445414,5.511629112177678,128.0,15.998285101734592,0.40972472366260426,3.0,0.01702738066571885,0.10186769559188187
321,321.0,14.014779666320258,5.093196867990121,128.0,15.998285101734592,0.40972472366260426,3.0,0.03709482733294228,0.08625719279055384
322,322.0,13.998775367095215,4.609510419152613,128.0,15.998285101734592,0.40972472366260426,0.0,0.0982765660692401,0.049850139251580924
323,323.0,14.395574507250224,4.51277312938511,128.0,15.998285101734592,0.40972472366260426,1.0,-0.07149956242114427,-0.04973123976736895
324,324.0,14.074934335281206,4.493425671431607,128.0,15.998285101734592,0.40972472366260426,3.0,0.019343426473445113,-0.1737112167872766
325,325.0,14.010806300887388,4.089556179840905,128.0,15.998285101734592,0.40972472366260426,1.0,-0.07947055693914434,-0.1959069879761511
326,326.0,13.597980694008633,4.008782281522764,128.0,15.998285101734592,0.40972472366260426,3.0,0.017930497459771988,-0.11771958976818678
327,327.0,13.51541557263289,3.5926275018591376,128.0,15.998285101734592,0.40972472366260426,0.0,0.08459436924302191,-0.13731980488147824
328,328.0,13.898902548357732,3.5093965459264105,128.0,15.998285101734592,0.40972472366260426,3.0,0.04934380217817805,-0.22533881977405085
329,329.0,13.975599943502708,3.092750354739861,128.0,15.998285101734592,0.40972472366260426,2.0,-0.0821305145829152,-0.26332889084893213
330,330.0,13.990939422531703,3.409421116502555,94.0,12.541733175404925,0.4819197239991455,3.0,0.022216262072573933,0.022216262072573933
331,331.0,13.994007318337509,3.0727552688550936,94.0,12.541733175404925,0.4819197239991455,0.0,-0.08161227413011951,-0.20904159694250551
332,332.0,14.394620897498669,3.005422099325605,94.0,12.541733175404925,0.4819197239991455,0.0,1.229709055725591,-0.12888449994525336
333,333.0,14.874743613330885,2.9919554654197107,237.0,14.378264384334958,5.096760945439621,0.0,-1.5095006835628315,-1.5095006835628315
334,334.0,15.370768156497334,2.9892621386385283,61.0,11.896276805604586,0.01066089673921189,0.0,-0.07023952783220389,-0.07023952783220389
335,335.0,15.869973065130623,2.9887234732822883,61.0,11.896276805604586,0.01066089673921189,0.0,-0.053407243173579366,0.203472630433564
336,336.0,16.36981404685727,2.988615740211042,61.0,11.896276805604586,0.01066089673921189,2.0,-0.03155723079753625,0.26328942018301627
337,337.0,16.46978224320261,3.3885941935967896,61.0,11.896276805604586,0.01066089673921189,3.0,0.026505538092476022,0.30203645136498836
338,338.0,16.48977588247167,3.068589884273944,63.0,12.092114503731228,0.006821150772478024,3.0,0.02762347377572094,0.02762347377572094
339,339.0,16.493774610325467,2.604589022409371,63.0,12.092114503731228,0.006821150772478024,0.0,-0.05739296427377971,0.48946829645132495
340,340.0,16.89457435589624,2.51178885003646,0.0,0.1,-0.1,2.0,-0.017209165529770698,-0.017209165529770698
341,341.0,16.97473430501038,2.8932288155618764,0.0,0.1,-0.1,0.0,-0.04700040441706721,0.5078448445940762
342,342.0,17.390766294833213,2.969516808666956,0.0,0.1,-0.1,0.0,-0.04262970563975277,0.5223149053581108
343,343.0,17.873972692797793,2.9847744072879685,0.0,0.1,-0.1,3.0,0.0009990441862218757,0.5339342560785779
344,344.0,17.970613972390694,2.5878259270121724,0.0,0.1,-0.1,0.0,0.0012376679111256728,0.5038706553584078
345,345.0,17.970613972390694,2.5878259270121724,0.0,0.1,-0.1,3.0,0.009045026483227137,0.4763357714876416
346,346.0,17.970613972390694,2.187825927012172,0.0,0.1,-0.1,0.0,0.00120204704471083,0.44405746367521187
347,347.0,17.970613972390694,2.187825927012172,0.0,0.1,-0.1,0.0,1.1326826668720948,1.016189693405245
348,348.0,17.970613972390694,2.187825927012172,2000.0,0.0,1.0,2.0,0.0030754950622434163,0.0030754950622434163
349,349.0,17.970613972390694,2.5878259270121724,2000.0,0.0,1.0,2.0,-0.11188078065807364,-0.11188078065807364
350,0.00887316841267538,-0.37542401740150944,0.1398551965448328,2000.0,0.0,1.0,2.0,-0.8181190083077748,0.0401303186272143
351,1.0,14.0,14.399999999999991,2000.0,0.0,1.0,2.0,0.0180066007574039,0.8942885537172874
352,2.0,14.0,14.879999999999974,2000.0,0.0,1.0,2.0,0.017964512262877874,0.8940321585012052
353,3.0,14.0,15.37599999999999,2000.0,0.0,1.0,2.0,0.01745636556350305,0.8938088718874202
354,4.0,14.0,15.875199999999992,2000.0,0.0,1.0,2.0,0.016848867460325545,0.8791779451986005
355,5.0,14.0,16.375039999999977,2000.0,0.0,1.0,2.0,0.5871124071678687,0.8918341294219894
356,6.0,14.0,16.875007999999966,0.0,0.1,-0.1,2.0,-0.006900365638987285,-0.006900365638987285
357,7.0,14.0,17.375001599999976,0.0,0.1,-0.1,2.0,-0.0065567802749565696,0.3240048926049366
358,8.0,14.0,17.875000319999984,0.0,0.1,-0.1,2.0,-0.0017170712035975005,0.3641820788537615
359,9.0,14.0,17.97500026879998,0.0,0.1,-0.1,0.0,-0.07572570888957919,0.3733664796503664
360,10.0,14.399999999999991,17.97500026879998,0.0,0.1,-0.1,2.0,-0.0006916439578871364,0.061692548748556064
361,11.0,14.399999999999991,17.97500026879998,0.0,0.1,-0.1,2.0,-0.0006938046012991139,0.06754179989063781
362,12.0,14.399999999999991,17.97500026879998,0.0,0.1,-0.1,2.0,-0.0006959566372681664,0.07388256884586895
363,13.0,14.399999999999991,17.97500026879998,0.0,0.1,-0.1,1.0,-0.43079457277412797,0.0806319493983894
364,14.0,14.0,17.97500026879998,2000.0,0.0,1.0,2.0,0.0023912813061104377,0.0023912813061104377
365,15.0,14.0,17.97500026879998,2000.0,0.0,1.0,2.0,0.0024034823722113297,0.540017259538613
366,16.0,14.0,17.97500026879998,2000.0,0.0,1.0,2.0,0.00241569995128188,0.5538925479168735
367,17.0,14.0,17.97500026879998,2000.0,0.0,1.0,2.0,0.0024279330607229754,0.5682819366768109
368,18.0,14.0,17.97500026879998,2000.0,0.0,1.0,1.0,0.037290316035038074,0.5831749863141267
369,19.0,13.600000000000009,17.97500026879998,2000.0,0.0,1.0,2.0,0.002494728774043997,0.5629875753322847
370,20.0,13.600000000000009,17.97500026879998,2000.0,0.0,1.0,2.0,0.0025066297429706674,0.5780358171317426
371,21.0,13.600000000000009,17.97500026879998,2000.0,0.0,1.0,2.0,0.0025185367930723457,0.910212682620499
372,22.0,13.600000000000009,17.97500026879998,2000.0,0.0,1.0,2.0,0.002530448847975597,0.9173606499671928
373,23.0,13.600000000000009,17.97500026879998,2000.0,0.0,1.0,2.0,0.0025423648146940536,0.9226298853313666
374,24.0,13.600000000000009,17.97500026879998,2000.0,0.0,1.0,2.0,0.0025542835836493416,0.9258299538944381
375,25.0,13.600000000000009,17.97500026879998,2000.0,0.0,1.0,2.0,0.002566204028700614,0.9268262736166405
376,26.0,13.600000000000009,17.97500026879998,2000.0,0.0,1.0,2.0,0.0025781250071802986,0.9255618081775159
377,27.0,13.600000000000009,17.97500026879998,2000.0,0.0,1.0,3.0,-0.0058521332716402474,0.9220743351762551
378,28.0,13.600000000000009,17.57500026879999,2000.0,0.0,1.0,2.0,0.5133716233424951,0.9251195762626315
379,29.0,13.600000000000009,17.89500026879999,0.0,0.1,-0.1,0.0,-0.07819162171019169,-0.07819162171019169
380,30.0,14.0,17.959000268799983,0.0,0.1,-0.1,0.0,-0.09419253255859138,0.4597670943083968
381,31.0,14.479999999999983,17.971800268799996,0.0,0.1,-0.1,0.0,-0.09642495582060255,0.5395225015624183
382,32.0,14.975999999999999,17.974360268799998,0.0,0.1,-0.1,0.0,-0.09353601583328297,0.6226852918820515
383,33.0,15.475200000000001,17.974872268800013,0.0,0.1,-0.1,0.0,-0.0878212568221598,0.8580899191071796
384,34.0,15.975039999999986,17.97497466880003,0.0,0.1,-0.1,0.0,-0.08037670837142835,0.9465091073302423
385,35.0,16.475007999999974,17.97499514880002,0.0,0.1,-0.1,0.0,-0.07205385123734598,1.0288252156846036
386,36.0,16.975001599999985,17.974999244800003,0.0,0.1,-0.1,0.0,1.240767291221701,1.1043223590950786
387,37.0,17.475000319999992,17.975000064,29.0,13.600000000000009,17.89500026879999,1.0,0.02784625654542383,0.02784625654542383
388,38.0,17.175000063999995,17.97500022784,29.0,13.600000000000009,17.89500026879999,1.0,0.04264851443971851,-0.20797001668394946
389,39.0,16.715000012799997,17.97500026060799,29.0,13.600000000000009,17.89500026879999,1.0,0.043891096165707744,-0.25858744357925173
390,40.0,16.223000002559985,17.975000267161576,29.0,13.600000000000009,17.89500026879999,1.0,0.04073017557765135,-0.31194027842898164
391,41.0,15.724600000511991,17.97500026847228,29.0,13.600000000000009,17.89500026879999,2.0,-0.00029265764075236955,-0.5897110695422175
392,42.0,15.724600000511991,17.97500026847228,29.0,13.600000000000009,17.89500026879999,2.0,-0.0003027858791675442,-0.6117966714072802
393,43.0,15.724600000511991,17.97500026847228,29.0,13.600000000000009,17.89500026879999,0.0,-0.0331121980111837,-0.6125000683527324
394,44.0,16.124600000511983,17.97500026847228,29.0,13.600000000000009,17.89500026879999,1.0,0.026179848597486788,-0.5846402906036764
395,45.0,15.804600000511982,17.97500026847228,29.0,13.600000000000009,17.89500026879999,2.0,-0.00034593365988644376,-0.6389166189506057
396,46.0,15.804600000511982,17.97500026847228,29.0,13.600000000000009,17.89500026879999,2.0,-0.00035623579870180944,-0.6509133202567986
397,47.0,15.804600000511982,17.97500026847228,29.0,13.600000000000009,17.89500026879999,2.0,0.05909073485984906,-0.6605300626160844
398,48.0,15.804600000511982,17.97500026847228,37.0,17.475000319999992,17.975000064,1.0,0.0,0.0
